Type,Name,Request Count,Failure Count,Median Response Time,Average Response Time,Min Response Time,Max Response Time,Average Content Size,Requests/s,Failures/s,50%,66%,75%,80%,90%,95%,98%,99%,99.9%,99.99%,100%
POST,/api/login,300,0,44,44.05128336278722,23.304867965634912,65.47382002463564,51.0,0.9988044545370907,0.0,44,48,51,53,57,61,64,65,65,65,65
POST,/api/orders,1716,39,150,170.12941580769683,1.314216002356261,798.1762349954806,59.71911421911422,5.713161479952158,0.12984457908982178,150,170,180,190,200,460,570,620,690,800,800
GET,/api/products,8521,179,47,62.30081940736809,1.2635180028155446,552.6144999894314,1931.9035324492431,28.369375857035166,0.5959533245404641,47,53,55,57,60,170,400,480,540,550,550
GET,/api/products[详情],3440,64,98,109.8034387891794,1.3120759977027774,620.2486800029874,171.73081395348837,11.45295774535864,0.21307828363457934,98,110,110,110,120,130,430,540,610,620,620
GET,/api/search,5183,88,82,96.3856468690909,1.288553001359105,603.9428480435163,23.543314682616245,17.256011626219134,0.2929826399975466,82,97,100,110,120,200,440,520,580,600,600
GET,/api/user/profile,1718,0,22,21.7718889813681,11.50561001850292,35.010010993573815,72.0,5.719820176315739,0.0,22,25,27,28,30,31,31,32,34,35,35
,Aggregated,20878,370,59,83.85465500202572,1.2635180028155446,798.1762349954806,834.1796628029505,69.51013133941792,1.2318588272624118,59,85,99,110,130,200,430,510,620,680,800
